{"params": [250, 0.0, 0.02816813529168198], "iters": 20, "MRR": 0.042899931602195136}