{"params": [6, 0.09793375344236566], "iters": 16, "MRR": 0.095913}
