{"params": [32, 0.0887827335797044], "iters": 20, "MRR": 0.09988201659840991}