{"params": [487, 4.0985403239950875, 0.36994560658956177, 4.487270919083559], "iters": 20, "MRR": 0.10218511513790592}