{"params": [299, 0.02720946205912868, 0.09593544705902671, 24.85713849079232], "iters": 100, "MRR": 0.000532867355981579}