{"params": [6, 0.004284514657460243, 0.0034682846027608524], "iters": 20, "MRR": 0.005907225115755978}