{"params": [351.0, 0.335577089101453, 0.16184588378008347, 0.7893824331809978, 0.9062403583217444], "hit_rate": 0.0454}