{"params": [278.0, 0.9009146766522408, 0.5153467732888567, 0.8708439402601417, 0.30198650418255335], "hit_rate": 0.0502}