{"params": [9, 2.9102495117394607e-05], "iters": 20, "MRR": 0.0342877529889403}