{"params": [68, 0.0708210287817012], "iters": 20, "MRR": 0.00030631836960604085}