{"params": [7, 0.0008776779940409043], "iters": 20, "MRR": 0.05879130466760496}