{"params": [249, 0.011980259542217573, 0.0969789841879614], "iters": 20, "MRR": 0.014691521220945395}