{"params": [5.0, 0.5693877687347962, 1.0, 1.0, 0.9433943389767976], "hit_rate": 0.0936}