{"params": [61, 0.03579462837616042], "iters": 20, "MRR": 0.015321374592764704}