{"params": [303, 0.05226759658131336], "iters": 20, "MRR": 0.026312452982159118}