{"params": [499, 0.15145142767992442, 0.0668586168180369, 13.758004582565247], "iters": 20, "MRR": 0.026321259764151058}