{"params": [6, 0.09996993829684189], "iters": 20, "MRR": 0.01336460093510918}