{"params": [7, 0.09988270936531524], "iters": 20, "MRR": 7.32843155439852e-05}