{"params": [297, 4.36979166769093, 4.927362178355647, 24.821459557282072], "iters": 20, "MRR": 0.0029654990951011044}