{"params": [462.0, 0.712580806039113, 0.11840529994224626, 0.9990238822239516, 0.8141073046960454], "hit_rate": 0.1032}