{"params": [232, 0.08488004623497244], "iters": 20, "MRR": 0.0005399045295961137}