{"params": [67, 0.06934324546276709], "iters": 20, "MRR": 0.0008556800251216444}